;#META# 000.SortField;#META# 000.BookURI;#META# 010.AuthorAKA;#META# 010.AuthorNAME;#META# 011.AuthorBORNH;#META# 012.AuthorBORNC;#META# 013.AuthorDIEDH;#META# 014.AuthorDIEDC;#META# 015.Author Geographical Area;#META# 016.Century;#META# 020.BookTITLE;#META# 020.BookTITLESUB;#META# 021.BookSUBJ;#META# 022.BookVOLS;#META# 025.BookLANG;#META# 029.BookTITLEalt;#META# 030.LibURI;#META# 030.LibURIextra;#META# 031.LibREADONLINE;#META# 031.LibURL;#META# 031.LibURLFILE;#META# 031.LibURLextra;#META# 040.EdALL;#META# 040.EdEDITOR;#META# 041.EdNUMBER;#META# 041.EdNumber;#META# 043.EdPUBLISHER;#META# 044.EdPLACE;#META# 045.EdYEAR;#META# 049.EdISBN;#META# 049.EdPAGES;#META# 049.EdPHYSICAL;#META# 049.EdVOLUME;#META# 090.RecMISC;#META# 091.Number of tokens;#META# 092.Tagging;#META# 999.MiscINFO
Fiqh1;Shamela_0026333;0182AbuYusufYacqub.Kharaj;أبو يوسف;أبو يوسف يعقوب بن إبراهيم بن حبيب بن سعد بن حبتة الأنصاري ;113;798;182;731;Fertile Crescent;2ndH/8thC and 3rdH/9thC century;الخراج;NODATA;فقه حنفي;1;NODATA;NODATA;Shamela_0026333;NODATA;http://shamela.ws/browse.php/book-26333;http://shamela.ws/index.php/book/26333;NODATA;NODATA;NODATA;طه عبد الرءوف سعد، سعد حسن محمد;طبعة جديدة مضبوطة - محققة ومفهرسة، أصح الطبعات وأكثرها شمولا;NODATA;المكتبة الأزهرية للتراث;NODATA;NODATA;NODATA;NODATA;NODATA;NODATA;NODATA;76062;Quran @QB@ @QE@ Hadith @HB@; NODATA
Fiqh10; shia_10056;0381IbnBabawayh.Hidaya; إبن بابويه ; الشيخ الأقدم أبي جعفر الصدوق محمد بن علي بن الحسين بن بابويه القمي;311;923;381;992; Iran;4th/10th century;  الهداية في الأصول والفروع;NODATA;فقه شيعي;2; NODATA; NODATA; shia_10056;  NODATA;  http://ar.lib.eshia.ir/10056/1/2; NODATA;  NODATA; NODATA;  NODATA; تحقيق مؤسسة الإمام الهادي عليه السلام;1;1; مؤسسة الإمام الهادي عليه السلام; قم أيران ;2010; NODATA; NODATA; NODATA; NODATA; NODATA;19733;Chapters ### || ; NODATA
Fiqh11; Shia_000923Vols;0483IbnAhmadSarakhsi.Mabsut; شمس الأئمة; السرخسي; NOTGIVEN; NOTGIVEN;483;1096; Greater Khorasan ;5th/11th century; المبسوط; NODATA;فقه الحنفي;30; NODATA; NODATA; Shia_000923Vols; NODATA; http://shiaonlinelibrary.com/الكتب/923_المبسوط-السرخسي-ج-1; NODATA; NODATA; NODATA; NODATA; NODATA; NODATA; NODATA; دار المعرفة ; بيروت لبنان; 1406 - 1986 ; NODATA; NODATA; NODATA; NODATA; NODATA;2494216;Books ### |, Chapters ### ||, Quran @QB@ @QE@ ; NODATA
Fiqh12; JK_009139;0450AbuHasanMawardi.HawiKabir; الماوردي; علي بن محمد بن حبيب الماوردي البصري الشافعي;364;975;450;1059; Fertile Crescent ;  5th/11th century; الحاوي الكبير في فقه مذهب الإمام الشافعي وهو شرح مختصر المزني; NODATA; فقه شافعي;19; NODATA; الحاوي الكبير; JK_009139; NODATA; NODATA; NODATA; NODATA; NODATA; NODATA; الشيخ علي محمد معوض - الشيخ عادل أحمد عبد الموجود; الأولى; NODATA; دار الكتب العلمية; بيروت - لبنان; 1419- 1999; NODATA; NODATA; NODATA; NODATA; NODATA;2713331;Books ### |, chapters ### ||, Fuṣūl ### |||,Quran @QB@  @QE@, Hadith @HA@  ; NODATA
Fiqh13;JK_000881;0463IbnCabdBarr.KafiFiFiqh; ابن عبد البر; أبو عمر يوسف بن عبد الله بن عبد البر القرطبي; NOTGIVEN; NOTGIVEN;483;1090-1091; Islamic West;5th/11th century; الكافي في فقه أهل المدينة; NODATA;فقه مالكي;1; NODATA; الكافي لابن عبدالبر;JK_000881; NODATA; NODATA; NODATA; NODATA; NODATA; NODATA; NODATA; الأولى; NODATA; دار الكتب العلمية; بيروت;1407; NODATA; NODATA; NODATA; NODATA; NODATA;226537;Books ### |, Chapters ### ||; NODATA
Fiqh14;shamela_0013246;0458QadiAbuYacla.MasailFiqhyya;القاضي أبو يعلى;محمد بن الحسين بن محمد بن خلف المعروف بـ ابن الفراء ;380;990;458;1066;Fertile Crescent ;5th/11th century;المسائل الفقهية من كتاب الروايتين والوجهين أبو يعلى ابن الفراء;NODATA;فقه حنبلي;3;NODATA;NODATA;NODATA;NODATA;http://shamela.ws/index.php/book/13246;http://shamela.ws/index.php/book/13246;NODATA;NODATA;NODATA; د. عبد الكريم بن محمد اللاحم;1;NODATA;مكتبة المعارف;الرياض- السعودية;1405 1985;NODATA;NODATA;NODATA;NODATA;NODATA;184234;Books ### |, Chapters ### ||;NODATA
Fiqh15; Shia_000033Vols;0460ShaykhTusi.Mabsut; الشيخ الطوسي;أبي جعفر محمد بن الحسن بن علي الطوسي  ;385;995;460;1067;Iran ;5th/11th century; المبسوط; NODATA;فقه شيعي;8; NODATA; NODATA; Shia_000033Vols; NODATA; http://shiaonlinelibrary.com/الكتب/33_المبسوط-الشيخ-الطوسي-ج-1; NODATA; NODATA; NODATA; NODATA; تصحيح وتعليق : السيد محمد تقي الكشفي; NODATA; NODATA; NODATA; NODATA;1387; NODATA; NODATA; NODATA; NODATA; NODATA;800420;Books ### |, Chapters ### ||; NODATA
Fiqh16; JK_000150;0587IbnMascudCalaDinKasani.BadaicSanaic; الكاساني; علاء الدين الكاساني;NODATA;NODATA;587;1191; Fertile Crescent ;6th/12th century; بدائع الصنائع في ترتيب الشرائع; NODATA;فقه الحنفي;7; NODATA; بدائع الصنائع; JK_000150; NODATA; NODATA; NODATA; NODATA; NODATA; NODATA; NODATA; الثانية; NODATA; دار الكتاب العربي; بيروت لبنان;1982; NODATA; NODATA; NODATA; NODATA; NODATA;1464584;Books ### |, Chapters ### ||, Quran @QB@ @QE@, ; NODATA
Fiqh17;  JK000122406;0422QadiCabdWahhabThaclabi.IkmalMuCallim; القاضي عياض; أبو الفضل عياض بن موسى بن عياض بن عمرون بن موسى بن عياض السبتي اليحصبي ;476;1083;544;1149; Islamic West; 6th/12th century; إكمال المعلم بفوائد مسلم ;NODATA;فقه مالكي;8;NODATA; NODATA; NODATA; NODATA; NODATA; NODATA; NODATA; NODATA; NODATA; NODATA; NODATA; NODATA; دار الوفاء للطباعة والنشر والتوزيع; مصر;1998; NODATA; NODATA; NODATA; NODATA; NODATA;1523150; Books ### | Quran @QB@ @QE@ ; NODATA
Fiqh18; JK_000244;0507AbuBakrShashi.HilyaCulama; الشاشي; سيف الدين أبي بكر محمد بن أحمد الشاشي القفال;429;1037;507;1114;Fertile Crescent;6th/12th century; حلية العلماء في معرفة مذاهب الفقهاء; NODATA; فقه شافعي;3; NODATA; حلية العلماء; JK_000244; NODATA; NODATA; NODATA; NODATA; NODATA; NODATA; د . ياسين أحمد إبراهيم درادكة; الأولى; NODATA; مؤسسة الرسالة ; بيروت  لبنان ;1980; NODATA; NODATA; NODATA; NODATA; NODATA;98594;Books ### |, Chapters ### ||, Quran @QB@ @QE@, ; NODATA
Fiqh19; JK_000221;0597IbnJawzi.TahqiqFiAhadithKhilaf; ابن الجوزي; عبد الرحمن بن علي بن محمد بن الجوزي أبو الفرج;508;1126;597;1200; Fertile Crescent ; 6th/12th century; التحقيق في أحاديث الخلاف; NODATA; فقه حنبلي;2; NODATA; التحقيق في أحاديث الخلاف; JK_000221; NODATA; NODATA; NODATA; NODATA; NODATA; NODATA; مسعد عبد الحميد محمد السعدني; الأولى; NODATA; دار الكتب العلمية; بيروت;1415; NODATA; NODATA; NODATA; NODATA; NODATA;215473;  Books ### | Quran @QB@ @QE@ ; NODATA
Fiqh2; Shamela_0001661;0264IbnYahyaMuzani.Mukhtasar;المزني; إسماعيل بن يحيى بن إسماعيل، أبو إبراهيم المزني ;175;791-92;264;877-78;Fertile Crescent;2ndH/8thC and 3rdH/9thC century; مختصر المزني (مطبوع ملحقا بالأم للشافعي); NODATA; فقه شافعي;1; NODATA; NODATA; Shamela_0001661; NODATA; http://shamela.ws/browse.php/book-1661; http://shamela.ws/index.php/book/1661; NODATA; NODATA; NODATA;محمد زهري النجار; NODATA; NODATA; دار المعرفة - بيروت; بيروت  لبنان ; 1410     1990 ; NODATA; NODATA; NODATA; NODATA; NODATA;201828;Books ### | Chapters ### ||, Quran @QB@ @QE@, Hadith @HB@ @HE@; NODATA
Fiqh20;NODATA;0600QutbdinBayhaqiKaydari.IdahShica;البيهقي;محمد بن الحسين البيهقي المعروف بالقطب الدين الكيدري;NODATA;NODATA;6th century;NODATA;Iran;6th/12th century;إصباح الشيعة بمصباح الشريعة;NODATA;فقه شيعي;1;NODATA;NODATA;NODATA; NODATA;https://books.rafed.net/view.php?type=c_fbook&b_id=1293; NODATA; NODATA; NODATA; NODATA; الشيخ إبراهيم البهادري;1; NODATA;إعتماد, مؤسسة الامام الصادق عليه السلام;طهران;NODATA; NODATA; NODATA; NODATA; NODATA; NODATA;96879;Books ### |, chapters ### ||; NODATA
Fiqh21;shamela.00014262;0710IbnAhmadHafizDinNasafi.KanzDaqaiq;أبو البركات النسفي;أبو البركات عبد الله بن أحمد بن محمود حافظ الدين النسفي;NODATA;NODATA;710;1310;Greater Khorasan;7th/13th century;كنز الدقائق;NODATA;فقه حنفي;1;NODATA;http://shamela.ws/index.php/book/14262;http://shamela.ws/browse.php/book-14262; NODATA;; NODATA; NODATA; NODATA; NODATA;  سائد بكداش;1;1;الناشر: دار البشائر الإسلامية، دار السراج;دمشق سوريا; 1432 2011; NODATA; NODATA; NODATA; NODATA; NODATA;38233;Books ### |, chapters ### ||;NODATA
Fiqh22; JK_000154;0620IbnQudamaMaqdisi.MughniFiFiqh; ابن قدامة; عبد الله بن أحمد بن قدامة المقدسي أبو محمد;541;620;1146;1223;Fertile Crescent;7th/13th century; المغني في فقه الإمام أحمد بن حنبل الشيباني; NODATA; فقه حنبلي;12; NODATA; المغني; JK_000154; NODATA; NODATA; NODATA; NODATA; NODATA; NODATA; NODATA; الأولى; NODATA; دار الفكر; بيروت لبنان ;1405; NODATA; NODATA; NODATA; NODATA; NODATA;1961758;Books ### |, Quran @QB@ @QE@,; NODATA
Fiqh23; JK_001168;0676Nawawi.ManahijTalibin; النووي; يحيى بن شرف النووي أبو زكريا;631;1233;676;1277; Fertile Crescent ; 7th/13th century; منهاج الطالبين وعمدة المفتين; NODATA; فقه شافعي;1; NODATA; منهاج الطالبين; JK_001168; NODATA; NODATA; NODATA; NODATA; NODATA; NODATA; NODATA; NODATA; NODATA; دار المعرفة;  لبنان بيروت; NODATA; NODATA; NODATA; NODATA; NODATA; NODATA;88670; Books ### |, chapters ### ||, subchapters ### ||| Quran @QB@ @QE@; NODATA
Fiqh24; JK_003500;0684ShihabDinQarafi.Thakhira; القرافي; شهاب الدين أحمد بن إدريس القرافي;626;1228;684;1285; Fertile Crescent ; 7th/13th century; الذخيرة; NODATA;فقه مالكي;14; NODATA; الذخيرة; JK_003500; NODATA; NODATA; NODATA; NODATA; NODATA; NODATA; محمد حجي; NODATA; NODATA; دار الغرب; لبنان بيروت; 1994م; NODATA; NODATA; NODATA; NODATA; NODATA;1417018; Books ### |, chapters ### ||, Quran @QB@ @QE@,; NODATA
Fiqh25; Shia_000057Vols;0676IbnHasanMuhaqqiqHilli.SharaicIslam; المحقق الحلي; جعفر بن الحسن بن يحيى بن الحسن بن سعيد الهذلي الحلي;602;1205;676;1277; Fertile Crescent; 7th/13th century; شرائع الإسلام; NODATA;فقه شيعي;4; NODATA; NODATA; Shia_000057Vols; NODATA; http://shiaonlinelibrary.com/الكتب/57_شرائع-الإسلام-المحقق-الحلي-ج-1; NODATA; NODATA; NODATA; NODATA; مع تعليقات : السيد صادق الشيرازي; الثانية; NODATA; أمير; طهران إيران ;1409; NODATA; NODATA; NODATA; NODATA; NODATA;1464584;Books ### |, ; NODATA
Fiqh26; JK_011690;0786IbnMuhammadBabarti.CinayaSharhHidaya; البابرتي; محمد بن محمد بن محمود، أكمل الدين أبو عبد الله ابن الشيخ شمس الدين ابن الشيخ جمال الدين الرومي البابرتي;714;1314;786;1384; Fertile Crescent ; 8th/14th century; العناية شرح الهداية; NODATA;فقه حنفي;10; NODATA; العناية شرح الهداية; JK_011690; NODATA; NODATA; NODATA; NODATA; NODATA; NODATA; NODATA; NODATA; NODATA; NODATA; NODATA; NODATA; NODATA; NODATA; NODATA; NODATA; NODATA;1190224;Books ### | , chapters ### ||, Quran @QB@ @QE@; NODATA
Fiqh27; JK_000302;0763IbnMuflihHanbaliMuqaddasi.FurucWaTashihFuruc.; ابن مفلح; محمد بن مفلح المقدسي أبو عبد الله;717;1308;763;1362; Fertile Crescent ; 8th/14th century; الفروع وتصحيح الفروع; NODATA; فقه حنبلي;6; NODATA; الفروع; JK_000302; NODATA; NODATA; NODATA; NODATA; NODATA; NODATA; أبو الزهراء حازم القاضي; الأولى; NODATA; دار الكتب العلمية; بيروت لبنان;1418; NODATA; NODATA; NODATA; NODATA; NODATA;845176; Books ### |, Quran @QB@ @QE@; NODATA
Fiqh28;  Shamela_0014442;0776Aljundi.AltawdihFiShafh;  NODATA;  خليل بن إسحاق بن موسى، ضياء الدين الجندي المالكي المصري;  NODATA;  NODATA;776;  1365-66;   Fertile Crescent ;   8th/14th century;  التوضيح في شرح مختصر ابن الحاجب خليل بن إسحاق الجندي;  NODATA;  فقه مالكي ;8;  NODATA;  NODATA;  Shamela_0014442;   NODATA;  http://shamela.ws/browse.php/book-14442;   NODATA;   NODATA;   NODATA;   NODATA;  أحمد بن عبد الكريم نجيب;1;1;  مركز نجيبويه للمخطوطات وخدمة التراث;  Cairo Egypt ;  1429  2008;   NODATA;   NODATA;   NODATA;8;   NODATA;1177391;  Books ### |  Quran @QB@ @QE@;  NODATA
Fiqh29; Shamela_0037344;0769IbnLuluShihabDinIbnNaqibShafici.CumdatSalik; ابن النقيب الشافعي; أحمد بن لؤلؤ بن عبد الله الرومي، أبو العباس، شهاب الدين ابن النقيب الشافعي ;702;1302;769;1368; Fertile Crescent ; 8th/14th century; عمدة السالك وعدة الناسك; NODATA; فقه شافعي;1; NODATA; NODATA; Shamela_0037344; NODATA; http://shamela.ws/browse.php/book-37344; http://shamela.ws/index.php/book/37344; NODATA; NODATA; NODATA; NODATA; الأولى، 1982 م; NODATA; الشؤون الدينية، قطر; قطر; NODATA; NODATA; NODATA; NODATA; NODATA; NODATA;41380;Books ### |, Chapters ### ||, subchapters ### |||; NODATA
Fiqh3; Shamela_0001699;0179MalikIbnAnas.Muwatta;مالك; مالك بن أنس بن مالك بن عامر الأصبحي المدني ;93;711;179;795; Fertile Crescent; 2ndH/8thC and 3rdH/9thC century; موطأ الإمام مالك; NODATA;فقه مالكي;1; NODATA; NODATA; Shamela_0001699; NODATA; http://shamela.ws/browse.php/book-1699; http://shamela.ws/index.php/book/1699; NODATA; NODATA; NODATA; NODATA; NODATA; NODATA; دار إحياء التراث العربي، بيروت - لبنان; NODATA; 1406 هـ - 1985 م; NODATA; NODATA; NODATA; NODATA; NODATA;151424; Books ### | Chapters ### ||  Quran @QB@ @QE@; NODATA
Fiqh30; Shia_000117Vols;0786ShahidAwwal.Durus; الشهيد الأول; الشيخ شمس الدين أبو عبد الله محمد بن جمال الدين مكي العاملي;734;1334;786;1385; Fertile Crescent; 8th/14th century; الدروس; NODATA;فقه شيعي;3; NODATA; NODATA; Shia_000117Vols; NODATA; ://shiaonlinelibrary.com/الكتب/117_الدروس-الشهيد-الأول-ج-1; NODATA; NODATA; NODATA; NODATA; مؤسسة النشر الإسلامي;1;1; NODATA; قم إيران ;1412; NODATA; NODATA; NODATA; NODATA; NODATA;198087; Books ### |; NODATA
Fiqh31; Shamela_0021744;0861IbnCabdWahidIbnHumamSiwasi.FathQadir;ابن الهمام;محمد بن عبد الواحد بن عبد الحميد ابن مسعودالسيواسي كمال الدين;790;1388;861;1457; Fertile Crescent; 9th/15th century; فتح القدير; NODATA;فقه حنفي;10; NODATA; NODATA; Shamela_0021744; NODATA; http://shamela.ws/browse.php/book-21744; http://shamela.ws/index.php/book/21744; NODATA; NODATA; NODATA; NODATA; بدون طبعة وبدون تاريخ; NODATA; دار الفكر; NODATA; NODATA; NODATA; NODATA; NODATA; NODATA; NODATA;2064650; Books ### | Quran @QB@ @QE@; NODATA
Fiqh32;JK_000289;0897IbnYusufCabdariGharnati.TajWaIklilLiMukhtasarKhalil; المواق; محمد بن يوسف بن أبي القاسم العبدري أبو عبد الله; NODATA; NODATA;897;1491-92; Islamic West;9th/15th century; التاج والإكليل لمختصر خليل; NODATA; فقه المالكي ;6; NODATA; التاج والإكليل;JK_000289; NODATA; NODATA; NODATA; NODATA; NODATA; NODATA; NODATA; الثانية; NODATA; دار الفكر; بيروت;1398; NODATA; NODATA; NODATA; NODATA; NODATA;781273;Books ### |, chapters ### ||, subchapters ### ||| Quran @QB@  @QE@; NODATA
Fiqh33; JK_000787;0884IbnMuflih.MubdicFiSharhMuqnic; ابن مفلح; إبراهيم بن محمد بن عبد الله بن مفلح الحنبلي أبو إسحاق;816;1413;884;1479; Fertile Crescent ;9th/15th century; المبدع في شرح المقنع; NODATA; فقه حنبلي;10; NODATA;  NODATA; JK_000787; NODATA; NODATA; NODATA; NODATA; NODATA; NODATA; NODATA; NODATA; NODATA; المكتب الإسلامي; لبنان بيروت;1400; NODATA; NODATA; NODATA; NODATA; NODATA;998921;Books ### |, Chapters ### ||, subchapters ### |||, Quran @QB@ @QE@; NODATA
Fiqh34; JK_000119;0829TaqiDinDimashqiHisni.KifayatAkhyar;تقي الدين الحصني; أبو بكر بن محمد بن عبد المؤمن بن حريز بن معلى الحسيني الحصني تقي الدين الشافعي;752;1351;829;1425; Fertile Crescent ; 9th/15th century; كفاية الأخيارفي حل غاية الإختصار; NODATA; فقه شافعي;1; NODATA; كفاية الأخيار; JK_000119; NODATA; NODATA; NODATA; NODATA; NODATA; NODATA; علي عبد الحميد بلطجي و محمد وهبي سليمان; الأولى; NODATA; دار الخير; دمشق;1994; NODATA; NODATA; NODATA; NODATA; NODATA;222002;Books ### |, chapters ### || Quran @QB@ @QE@; NODATA
Fiqh35; Shia_000126Vols;0841JamalDinIbnFahdHilli.MuhadhdhabBaric; ابن فهد الحلي;أبو العباس جمال الدين أحمد بن شمس الدين محمد بن فهد الحلي الأسدي ;756;1355;841;1437; Fertile Crescent ; 9th/15th century; المهذب البارع; NODATA;فقه شيعي;5; NODATA; NODATA; Shia_000126Vols; NODATA; http://shiaonlinelibrary.com/الكتب/126_المهذب-البارع-ابن-فهد-الحلي-ج-1; NODATA; NODATA; NODATA; NODATA; الشيخ مجتبى العراقي; NODATA; NODATA; NODATA; NODATA; غرة رجب المرجب 1407; NODATA; NODATA; NODATA; NODATA; NODATA;998921;Books ### |, Quran @QB@ @QE@; NODATA
Fiqh36; JK_000189;0970IbnIbrahimIbnNujaymMisri.BahrRaiq; ابن نجيم; زين الدين ابن نجيم الحنفي;926;1547;970;1563; Fertile Crescent ; 10th/16th century; البحر الرائق شرح كنز الدقائق; NODATA;فقه حنفي;8; NODATA; البحر الرائق; JK_000189; NODATA; NODATA; NODATA; NODATA; NODATA; NODATA; NODATA; الثانية; NODATA; دار المعرفة; بيروت لبنان ; NODATA; NODATA; NODATA; NODATA; NODATA; NODATA;1730647; Books ### |, Quran @QB@ @QE@ ; NODATA
Fiqh37; JK_000888;0977KhatibShirbini.MughniMuhtaj; الشربيني; شمس الدين، محمد بن أحمد الخطيب الشربيني الشافعي; NODATA; NODATA;977; NODATA;Fertile Crescent; 10th/16th century; مغني المحتاج إلى معرفة معاني ألفاظ المنهاج; NODATA; فقه شافعي;4; NODATA; مغني المحتاج; JK_000888; NODATA; NODATA; NODATA; NODATA; NODATA; NODATA; NODATA; NODATA; NODATA; دار الفكر; بيروت لبنان; NODATA; NODATA; NODATA; NODATA; NODATA; NODATA;1186694;Books ### |, Chapters, subchapters ### |||, ### ||, Quran @QB@ @QE@; NODATA
Fiqh38; NOCODE;0995Manjur.SharhManhajMuntakhab; أحمد المنجور;   المنجور أحمد بن علي المنجور; NODATA; NODATA;995; NODATA; Islamic West;   10th/16th century; شرح المنهج المنتخب إلى قواعد المذهب; NODATA; فقه مالكي;2; NODATA; NODATA; NODATA; NODATA; NODATA; NODATA; NODATA; NODATA; NODATA; محمد الشيخ محمد الأمين ; NODATA; NODATA;  دار عبد الله الشنقيطي; مكة ، المملكة السعودية ;2003; NODATA; NODATA; NODATA; NODATA; NODATA;126657; Books ### | Quran @QB@ @QE@ ; NODATA
Fiqh39; Shamela_0013664;0972IbnAhmadIbnNajjarHanbali.MuntahaIradat; ابن النجار;  تقي الدين محمد بن أحمد الفتوحي الحنبلي الشهير بابن النجار;898;1492;972;1564; Fertile Crescent;  10th/16th century; منتهى الإرادات; NODATA;فقه حنبلي;5; NODATA; NODATA; NODATA; NODATA; http://shamela.ws/browse.php/book-13664; http://shamela.ws/index.php/book/13664; NODATA; NODATA; NODATA; عبد الله بن عبد المحسن التركي;1; NODATA; مؤسسة الرسالة; بيروت لبنان ; 1419 1999; NODATA; NODATA; NODATA;5; NODATA;140806; Books ### |, Chapters ### ||, Quran @QB@ @QE@; NODATA
Fiqh4; Shamela_0026883;0311AbuBakrKhallal.WuqufWaTarajjul;أبو بكر الخلال; أبو بكر أحمد بن محمد بن هارون بن يزيد الخلال البغدادي الحنبلي ;234;848-49;311;923-24;Fertile Crescent;2ndH/8thC and 3rdH/9thC century; الوقوف والترجل من الجامع لمسائل الإمام أحمد بن حنبل; NODATA; فقه حنبلي; 1; NODATA; NODATA; Shamela_0026883; NODATA; http://shamela.ws/browse.php/book-26883; http://shamela.ws/index.php/book/26883; NODATA; NODATA; NODATA; سيد كسروي حسن;1; NODATA; دار الكتب العلمية; بيروت لبنان; 1415 1994; NODATA; NODATA; NODATA; NODATA; NODATA;32349;Chapters ### ||, Quran @QB@ @QE@, Hadith @HB@; NODATA
Fiqh40; Shia_000134Vols;0940IbnHusaynMuhaqqiqThaniKaraki.JamicMaqasid; المحقق الكركي ; علي بن حسين بن علي بن محمد بن عبد العالي الكركي العاملي;868;1463;940;1533; Fertile Crescent;  10th/16th century; جامع المقاصد في شرح القواعد; NODATA;فقه شيعي;13; NODATA; NODATA; Shia_000134Vols; NODATA; http://shiaonlinelibrary.com/الكتب/134_جامع-المقاصد-المحقق-الكركي-ج-1; NODATA; NODATA; NODATA; NODATA; مؤسسة آل البيت عليهم السلام لإحياء التراث;1; NODATA; NODATA; NODATA; ربيع الأول 1408; NODATA; NODATA; NODATA; NODATA; NODATA;1171577; Books ### |, Quran @QB@ @QE@; NODATA
Fiqh41; JK_000176;1088IbnCaliHaskafi.DurrMukhtar; الحصكفي; محمد بن علي بن محمد الحِصْني المعروف بعلاء الدين الحصكفي الحنفي; NODATA; NODATA;1088;1677; Fertile Crescent ;  11th/17th century; الدر المختار; NODATA;فقه حنفي;6; NODATA; الدر المختار; JK_000176; NODATA; NODATA; NODATA; NODATA; NODATA; NODATA; NODATA; الثانية; NODATA; دار الفكر; بيروت;1386; NODATA; NODATA; NODATA; NODATA; NODATA;367642; Books ### | Chapters ### || Quran @QB@  @QE@ @BH@ Hadith; NODATA
Fiqh42;JK_000754;1122MuhammadZarqani.SharhCalaMuwatta; الزرقاني; محمد بن عبد الباقي بن يوسف الزرقاني;1055;1645 ;1122;1710;  Fertile Crescent;  11th/17th century; شرح الزرقاني على موطأ الإمام مالك; NODATA; فقه مالكي;4; NODATA; شرح الزرقاني;JK_000754; NODATA; NODATA; NODATA; NODATA; NODATA; NODATA; NODATA; الأولى; NODATA; دار الكتب العلمية; بيروت;1411; NODATA; NODATA; NODATA; NODATA; NODATA;972714;Books ### |, Chapters ### ||, Quran @QB@ @QE@, Hadith @HB@ @HE@; NODATA
Fiqh43;JK_007135;1004ShamsDinRamli.NihayatMuhtaj;الشافعي الصغير; شمس الدين محمد بن أبي العباس أحمد بن حمزة ابن شهاب الدين الرملي ;919 ;1513 ;1104;1692;  Fertile Crescent ;  11th/17th century; نهاية المحتاج إلى شرح المنهاج.; NODATA; فقه شافعي;8; NODATA; نهاية المحتاج;JK_007135; NODATA; NODATA; NODATA; NODATA; NODATA; NODATA; NODATA; NODATA; NODATA; دار الفكر للطباعة; بيروت;1404هـ - 1984م.; NODATA; NODATA; NODATA; NODATA; NODATA;1017677;  Books ### | Chaptersz### || Quran @QB@ @QE@; NODATA
Fiqh44;JK_000190;1051IbnYunusBuhutiHanbali.RawdMurbic; البهوتي; منصور بن يونس بن إدريس البهوتي;1000 ;1591 ;1051;1640;  Fertile Crescent;  11th/17th century; الروض المربع شرح زاد المستقنع; NODATA;فقه حنبلي;3; NODATA; الروض المربع;JK_000190; NODATA; NODATA; NODATA; NODATA; NODATA; NODATA; NODATA; NODATA; NODATA; مكتبة الرياض الحديثة; الرياض;1390; NODATA; NODATA; NODATA; NODATA; NODATA;153334;Books ### |, Chapters ### ||, Fuṣūl ### ||| Quran @QB@ @QE@,; NODATA
Fiqh45; NODATA;1091MuhammadMuhsinFaydKashani.MafatihSaraiC; الفيض الكاشاني;محمد محسن بن مرتضى بن محمود الكاشاني ;1007;1599;1091;1680;Iran;  11th/17th century;  مفاتيح الشرائع; NODATA;  فقه شيعي ;3; NODATA; NODATA; NODATA; NODATA; NODATA; NODATA; NODATA; NODATA; NODATA; مهدي الرجائي; NODATA; NODATA; مجمع الذخائر الإسلامية; قم;1980; NODATA; NODATA; NODATA; NODATA; NODATA;221494; Books ### | Chapters ### ||; NODATA
Fiqh46; JK_006887;1206IbnCabdWahhab.Fatawa; محمد بن عبد الوهاب;محمد بن عبد الوهاب بن سليمان التميمي النجدي; 1115 ;1703; 1206 ;1791;  Arabic Peninsula ;  12th/18th century; مجموعة الحديث على أبواب الفقه; NODATA;فقه حنبلي;1; NODATA; الفتاوى; JK_006887; NODATA; NODATA; NODATA; NODATA; NODATA; NODATA; صالح بن عبد الرحمن الأطرم ومحمد بن عبد الرزاق الدويش; الأولى; NODATA; مطابع الرياض; الرياض; NODATA; NODATA; NODATA; NODATA; NODATA; NODATA;24666; Chapters ### ||; NODATA
; Shamela_0012061; 1206IbnCabdWahhab.Fatawa; محمد بن عبد الوهاب; محمد بن عبد الوهاب بن سليمان التميمي النجدي;1115;1703;1206;1791; Arabic Peninsula ; 12th/18th century; مجموعة الحديث على أبواب الفقه; NODATA; فقه حنبلي;4; NODATA; مجموعة الحديث على أبواب الفقه; Shamela_0012061; NODATA; NODATA; NODATA; NODATA; NODATA; NODATA;  خليل إبراهيم ملا; NODATA; NODATA; جامعة الإمام محمد بن سعود; الرياض; NODATA; NODATA; NODATA; NODATA; NODATA; NODATA;364504; Books ### | Chapters ### || Quran @QB@ @QE@ ; NODATA
Fiqh47; JK_007041;1204SulaymanJamal.Hashiya; سليمان الجمل; سليمان بن عمر بن منصور العجيلي الأزهري، المعروف بالجمل ; NODATA; NODATA;1204;1789; Fertile Crescent ;  12th/18th century; فتوحات الوهاب بتوضيح شرح منهج الطلاب المعروف بحاشية الجمل (منهج الطلاب اختصره زكريا الأنصاري من منهاج الطالبين للنووي ثم شرحه في شرح منهج الطلاب); NODATA; فقه شافعي;5; NODATA; NODATA; Shamela_0021598; NODATA; http://shamela.ws/browse.php/book-21598; http://shamela.ws/index.php/book/21598; NODATA; NODATA; NODATA; NODATA; بدون طبعة وبدون تاريخ; NODATA; دار الفكر; NODATA; NODATA; NODATA; NODATA; NODATA; NODATA; NODATA;2251387; Books ### | Chapters ### || Quran @QB@ @QE@ Hadith @HB@ @HE@; NODATA
Fiqh48; JK_00 21604;1230Dusuqi.SharhKabir;الدسوقي; محمد بن أحمد بن عرفة الدسوقي المالكي; NOCODE; NOCODE;1230;1815;  Fertile Crescent;  12th/18th century; الشرح الكبير للشيخ الدردير وحاشية الدسوقي محمد بن أحمد الدسوقي ; NOCODE; فقه مالكي;4; NOCODE; NOCODE; JK_00 21604; NOCODE; http://shamela.ws/browse.php/book-21604; NOCODE; NOCODE; NOCODE; NOCODE; NOCODE; NOCODE; NOCODE; دار الفكر ; بيروت; NOCODE; NODATA; NODATA; NODATA; NODATA; NODATA;1664518; Books ### | Quran @QB@ @QE@ ; NODATA
Fiqh49;NODATA;1231Tahtawi.Hashia;الطحطاوي;  أحمد بن محمد بن إسماعيل الطحطاوي الحنفي; NODATA; NODATA;1231;1815; Fertile Crescent;  12th/18th century;  حاشية الطحطاوي على مراقي الفلاح شرح نور الإيضاح ; NODATA; فقه حنفي ; NODATA; NODATA; NODATA; NODATA; NODATA; NODATA; NODATA; NODATA; NODATA; NODATA; محمد عبد العزيز; NODATA; NODATA; دار الكتب العلمية; بيروت ;1418  1997; NODATA; NODATA; NODATA; NODATA; NODATA;331118;Books ### |, Quran @QB@ @QE@ ; NODATA
Fiqh5; Shia_001115Vols;0274AhmadBarqi.Mahasin;أبو جعفر البرقي; أحمد بن محمد بن خالد البرقي; NODATA ; NODATA;274;887;Fertile Crescent; 2ndH/8thC and 3rdH/9thC century; المحاسن; NODATA; فقه شيعي;2; NODATA; NODATA; Shia_001115Vols; NODATA; http://shiaonlinelibrary.com/الكتب/1115_المحاسن-أحمد-بن-محمد-بن-خالد-البرقي-ج-1; NODATA; NODATA; NODATA; NODATA; تصحيح وتعليق : السيد جلال الدين الحسيني (المحدث); NODATA; NODATA; NODATA; NODATA; 1370 - 1330 ش; NODATA; NODATA; NODATA; NODATA; NODATA;145940;### ||; NODATA
Fiqh50; NODATE;1205MuhammadBaqirWahidBahbahani;الوحيد البهبهاني;محمّد باقر الوحيد البهبهاني;1118;1706;1205;1791;Iran;  12th/18th century; مصابيح الظلام;  NODATE;فقه شيعي; NODATE; NODATE; NODATE; NODATE; NODATE; NODATE; NODATE; NODATE; NODATE; NODATE;  محمّد نجفي دارابي (داراب كلائي); NODATE; NODATE; مؤسسة العلامة المجدد الوحيد البهبهاني ;  قم;1423; NODATE; NODATE; NODATE; NODATE; NODATE;972115; NODATE; NODATE
Fiqh51; JK_000179;1310BakriDimyati.HashiyaIcanaTalibin; الدمياطي; أبي بكر ابن السيد محمد شطا الدمياطي;1302;1885;1369;1950; Arabian Peninsula  ;  13th/19th century; حاشية إعانة الطالبين على حل ألفاظ فتح المعين لشرح قرة العين بمهمات الدين; NODATA; فقه شافعي;4; NODATA; إعانة الطالبين; JK_000179; NODATA; NODATA; NODATA; NODATA; NODATA; NODATA; NODATA; NODATA; NODATA; دار الفكر للطباعة والنشر والتوزيع; بيروت; NODATA; NODATA; NODATA; NODATA; NODATA; NODATA;961599; Books ### | Quran @QB@ @QE@ ; NODATA
Fiqh52; JK_000170;1252IbnCabidinDimashqi.RaddMuhtar; ابن عابدين; محمد أمين بن عمر بن عبد العزيز عابدين الدمشقي الحنفي;1198;1784;1252;1836; Fertile Crescent  ;  13th/19th century; حاشية رد المختار على الدر المختار شرح تنوير الأبصار فقه أبو حنيفة; NODATA; فقه حنفي ;8; NODATA; حاشية ابن عابدين; JK_000170; NODATA; NODATA; NODATA; NODATA; NODATA; NODATA; NODATA; NODATA; NODATA; دار الفكر للطباعة والنشر.; بيروت.; 1421هـ - 2000م.; NODATA; NODATA; NODATA; NODATA; NODATA;2550368; Books ### | Quran @QB@ @QE@ ; NODATA
Fiqh53; JK_000218;1335IbnCabdSamicAbiAzhari.ThamrDani; الأزهري; صالح عبد السميع الآبي الأزهري; NODATA; NODATA;1335;1916; Islamic West  ;  13th/19th century; الثمر الداني في تقريب المعاني شرح رسالة ابن أبي زيد القيرواني; NODATA; فقه مالكي;1; NODATA; الثمر الداني شرح رسالة القيرواني; JK_000218; NODATA; NODATA; NODATA; NODATA; NODATA; NODATA; NODATA; NODATA; NODATA; المكتبة الثقافية; بيروت; NODATA; NODATA; NODATA; NODATA; NODATA; NODATA;174005; Books ### | Quran @QB@ @QE@; NODATA
Fiqh54; Shamela_0097809;1319IbnYasinLabadiNabulusi.HashiyatCalaNaylMaarib;النابلسي; عبد الغني بن ياسين بن محمود بن ياسين بن طه بن أحمد اللبدي النابلسي الحنبلي ; NODATA; NODATA;1319;1901; Fertile Crescent ;  13th/19th century; حاشية اللبدي على نيل المآرب; NODATA; فقه حنبلي;2; NODATA; NODATA; Shamela_0097809; NODATA; http://shamela.ws/browse.php/book-97809; http://shamela.ws/index.php/book/97809; NODATA; NODATA; NODATA; الدكتور محمد سليمان الأشقر; الأولى، 1419 هـ - 1999 م; NODATA; دار البشائر الإسلامية للطباعة والنشر والتوزيع، بيروت - لبنان; NODATA; NODATA; NODATA; NODATA; NODATA; NODATA; NODATA;118608;Books ### |  Chapters ### || Quran @QB@ @QE@; Shamela_0097809
Fiqh55; Shia_000317Vols;1266MuhammadHasanNajafiJawhari.JawahirKalam; الشيخ الجواهري; محمد حسن ابن الشيخ باقر ابن الشيخ عبد الرحيم ابن الأغا محمد الصغير ابن الأغا عبد الرحيم الشريف الكبير;1785;1199;1266;1849; Greater Khorasan;  13th/19th century; جواهر الكلام; NODATA;فقه شيعي;43; NODATA; NODATA; Shia_000317Vols; NODATA; http://shiaonlinelibrary.com/الكتب/317_جواهر-الكلام-الشيخ-الجواهري-ج-1; NODATA; NODATA; NODATA; NODATA; تحقيق وتعليق : الشيخ عباس القوچاني; الثانية; NODATA; NODATA; NODATA; 1365 ش; NODATA; NODATA; NODATA; NODATA; NODATA;5333667; Books ### | ; NODATA
Fiqh6;  Shamela_0014335;0373AbuLaythSamarqandi.CuyunMasail;أبو الليث السمرقندي;أبو الليث نصر بن محمد بن إبراهيم بن الخطاب السمرقندي;333; 944/945;373; 983-84; Fertile Crescent;4th/10th century; عيون المسائل; NODATA;فقه الحنفي;1; NODATA; NODATA; Shamela_0014335; NODATA; http://shamela.ws/browse.php/book-14335; http://shamela.ws/index.php/book/14335; NODATA; NODATA; NODATA;  صلاح الدِّين الناهي; NODATA; NODATA; مطبعة أسعد; بغداد العراق;1966; NODATA; NODATA; NODATA; NODATA; NODATA;89370;Books ### |; NODATA
Fiqh7; JK_000428;0334IbnHusaynKhiraqi.MukhtasarMinMasailIbnHanbal; الخرقي; أبو القاسم عمر بن الحسين الخرقي; NODATA; NODATA;334; 945/946; Fertile Crescent;4th/10th century; مختصر الخرقي من مسائل الإمام أحمد بن حنبل; NODATA; فقه حنبلي;1; NODATA; مختصر الخرقي; JK_000428; NODATA; NODATA; NODATA; NODATA; NODATA; NODATA; زهير الشاويش; الثالثة; NODATA; المكتب الإسلامي; بيروت لبنان;1403; NODATA; NODATA; NODATA; NODATA; NODATA;36539;Books ### | chapters ### || Quran @QB@ @QE@ ; NODATA
Fiqh8; Shamela_0096257;0386IbnAbiZaydQayrawani.NawadirWaZiyadat;ابن أبي زيد القيرواني; أبو محمد عبد الله بن (أبي زيد) عبد الرحمن النفزي، القيرواني، المالكي ;310;922\923;386;966;Islamic West;4th/10th century; النوادر والزيادات على ما في المدونة من غيرها من الأمهات; NODATA; فقه مالكي; 15 (14 جزء، ومجلد فهارس); NODATA; NODATA; Shamela_0096257; NODATA; http://shamela.ws/browse.php/book-96257; http://shamela.ws/index.php/book/96257; NODATA; NODATA; NODATA; NODATA;  1; NODATA; دار الغرب الإسلامي; بيروت لبنان; 1999; NODATA; NODATA; NODATA; NODATA; NODATA;1715091; Books ### |, chapters ### ||, Quran @QB@ @QE@, Hadith @HB@  @HE@ ; NODATA
Fiqh9; Shamela_0008534;0415IbnMuhammadMahamili.LubabFiFiqhShafici;أبو الحسن البغدادي; أحمد بن محمد بن أحمد بن القاسم الضبي، أبو الحسن ابن المحاملي الشافعي ;368;978;415;1024; Fertile Crescent; 4th/10th century; اللباب في الفقه الشافعي; NODATA; فقه شافعي;1; NODATA; NODATA; Shamela_0008534; NODATA; http://shamela.ws/browse.php/book-8534; http://shamela.ws/index.php/book/8534; NODATA; NODATA; NODATA; عبد الكريم بن صنيتان العمري;1; NODATA; دار البخارى، المدينة المنورة،;  المملكة العربية السعودية; NODATA; NODATA; NODATA; NODATA; NODATA; NODATA;28503;  Books ### |, , Quran @BQ@ @QE@ ; NODATA